{"cameraMode":{"drawMode":0,"name":"Shaded","section":"Shading Mode"},"sceneLighting":false,"audioPlay":false,"sceneViewState":{"m_AlwaysRefresh":false,"showFog":true,"showSkybox":true,"showFlares":true,"showImageEffects":true,"showParticleSystems":true,"showVisualEffectGraphs":true,"m_FxEnabled":true},"in2DMode":false,"pivot":{"x":3.7382493019104006,"y":0.3056294918060303,"z":21.331098556518556},"rotation":{"x":0.12218499183654785,"y":-0.8777391910552979,"z":0.3213943541049957,"w":0.3336896300315857},"size":1.823298692703247,"orthographic":false}